{
  "project_info": {
    "project_number": "227406497557",
    "firebase_url": "https://fir-example-c7dcb-default-rtdb.europe-west1.firebasedatabase.app",
    "project_id": "fir-example-c7dcb",
    "storage_bucket": "fir-example-c7dcb.appspot.com"
  },
  "client": [
    {
      "client_info": {
        "mobilesdk_app_id": "1:227406497557:android:32d500480fbfb0f91c0b1c",
        "android_client_info": {
          "package_name": "com.example.firebaseexample"
        }
      },
      "oauth_client": [
        {
          "client_id": "227406497557-k6v4r9ong73mmf0bdgqu0gng8hih2768.apps.googleusercontent.com",
          "client_type": 1,
          "android_info": {
            "package_name": "com.example.firebaseexample",
            "certificate_hash": "17332e03e8ec915a6f496aa4d19b6824e7187c32"
          }
        },
        {
          "client_id": "227406497557-k2f8p6odns085cr37j2t4pt23uo7m8ln.apps.googleusercontent.com",
          "client_type": 3
        }
      ],
      "api_key": [
        {
          "current_key": "AIzaSyChs3q-W6rpzDMwDEb-06a6bqMS6bCZ9oI"
        }
      ],
      "services": {
        "appinvite_service": {
          "other_platform_oauth_client": [
            {
              "client_id": "227406497557-k2f8p6odns085cr37j2t4pt23uo7m8ln.apps.googleusercontent.com",
              "client_type": 3
            }
          ]
        }
      }
    },
    {
      "client_info": {
        "mobilesdk_app_id": "1:227406497557:android:71a1016f345650701c0b1c",
        "android_client_info": {
          "package_name": "com.example.firestoreexample"
        }
      },
      "oauth_client": [
        {
          "client_id": "227406497557-k2f8p6odns085cr37j2t4pt23uo7m8ln.apps.googleusercontent.com",
          "client_type": 3
        }
      ],
      "api_key": [
        {
          "current_key": "AIzaSyChs3q-W6rpzDMwDEb-06a6bqMS6bCZ9oI"
        }
      ],
      "services": {
        "appinvite_service": {
          "other_platform_oauth_client": [
            {
              "client_id": "227406497557-k2f8p6odns085cr37j2t4pt23uo7m8ln.apps.googleusercontent.com",
              "client_type": 3
            }
          ]
        }
      }
    },
    {
      "client_info": {
        "mobilesdk_app_id": "1:227406497557:android:6d11b52a769851651c0b1c",
        "android_client_info": {
          "package_name": "com.example.realtimedatabase"
        }
      },
      "oauth_client": [
        {
          "client_id": "227406497557-k2f8p6odns085cr37j2t4pt23uo7m8ln.apps.googleusercontent.com",
          "client_type": 3
        }
      ],
      "api_key": [
        {
          "current_key": "AIzaSyChs3q-W6rpzDMwDEb-06a6bqMS6bCZ9oI"
        }
      ],
      "services": {
        "appinvite_service": {
          "other_platform_oauth_client": [
            {
              "client_id": "227406497557-k2f8p6odns085cr37j2t4pt23uo7m8ln.apps.googleusercontent.com",
              "client_type": 3
            }
          ]
        }
      }
    },
    {
      "client_info": {
        "mobilesdk_app_id": "1:227406497557:android:8e7d3e6496ae58ca1c0b1c",
        "android_client_info": {
          "package_name": "com.samuelvialle.recyclerviewimagesandvideo"
        }
      },
      "oauth_client": [
        {
          "client_id": "227406497557-k2f8p6odns085cr37j2t4pt23uo7m8ln.apps.googleusercontent.com",
          "client_type": 3
        }
      ],
      "api_key": [
        {
          "current_key": "AIzaSyChs3q-W6rpzDMwDEb-06a6bqMS6bCZ9oI"
        }
      ],
      "services": {
        "appinvite_service": {
          "other_platform_oauth_client": [
            {
              "client_id": "227406497557-k2f8p6odns085cr37j2t4pt23uo7m8ln.apps.googleusercontent.com",
              "client_type": 3
            }
          ]
        }
      }
    },
    {
      "client_info": {
        "mobilesdk_app_id": "1:227406497557:android:7aaec400a779b16b1c0b1c",
        "android_client_info": {
          "package_name": "com.samuelvialle.todelrealtime"
        }
      },
      "oauth_client": [
        {
          "client_id": "227406497557-k2f8p6odns085cr37j2t4pt23uo7m8ln.apps.googleusercontent.com",
          "client_type": 3
        }
      ],
      "api_key": [
        {
          "current_key": "AIzaSyChs3q-W6rpzDMwDEb-06a6bqMS6bCZ9oI"
        }
      ],
      "services": {
        "appinvite_service": {
          "other_platform_oauth_client": [
            {
              "client_id": "227406497557-k2f8p6odns085cr37j2t4pt23uo7m8ln.apps.googleusercontent.com",
              "client_type": 3
            }
          ]
        }
      }
    }
  ],
  "configuration_version": "1"
}